"","Location","lat","lng","Original_Location"
"1","New York, NY, USA",40.7127753,-74.0059728,"New York City"
"2","New Jersey, USA",40.0583238,-74.4056612,"New Jersey, USA"
"3","New York, NY, USA",40.7127753,-74.0059728,"New York"
"4","1436 W Jefferson Blvd, Los Angeles, CA 90007, USA",34.0253419,-118.2985934,"northern africa, apparently"
"5","13 Mangorei Rd, Strandon, New Plymouth 4312, New Zealand",-39.052628,174.093984,"Hamilton and New Plymouth, NZ"
"6","London, UK",51.5073509,-0.1277583,"London, UK"
"7","Washington, DC, USA",38.9071923,-77.0368707,"Washington, D.C."
"8","Dallas, TX, USA",32.7766642,-96.7969879,"Dallas, TX"
"9","Regensburg, Germany",49.0134297,12.1016236,"Regensburg, Deutschland"
"10","Virginia, USA",37.4315734,-78.6568942,"Virginia, USA"
"11","Kampung Kerinchi, 59200 Kuala Lumpur, Wilayah Persekutuan Kuala Lumpur, Malaysia",3.114148,101.6643038,"Kerinchi, Kuala Lumpur"
"12","Washington, DC, USA",38.9071923,-77.0368707,"Washington, DC"
"13","Houston, TX, USA",29.7604267,-95.3698028,"Houston, TX"
"14","Vancouver, BC, Canada",49.2827291,-123.1207375,"Vancouver"
"15","Riyadh Saudi Arabia",24.7135517,46.6752957,"Riyadh&Raleigh,NC"
"16","Rio de Janeiro, State of Rio de Janeiro, Brazil",-22.9068467,-43.1728965,"Rio de Janeiro, Brasil"
"17","Davis, CA, USA",38.5449065,-121.7405167,"Davis, CA"
"18","Bethesda, MD, USA",38.984652,-77.0947092,"Bethesda, MD"
"19","Los Angeles, CA, USA",34.0522342,-118.2436849,"Los Angeles"
"20","Boston, MA, USA",42.3600825,-71.0588801,"Boston, MA"
"21","Germany",51.165691,10.451526,"Germany"
"22","800 Connecticut Ave NW #1001, Washington, DC 20006, USA",38.9005046,-77.0384718,"Greater DC"
"23","Washington, DC, USA",38.9071923,-77.0368707,"Washington, DC"
"24","Louisville, KY, USA",38.2526647,-85.7584557,"Louisville, Kentucky"
"25","New York, NY, USA",40.7127753,-74.0059728,"New York, NY"
"26","Chicago, IL, USA",41.8781136,-87.6297982,"Chicago"
"27","Washington, DC, USA",38.9071923,-77.0368707,"Washington DC"
"28","Washington, DC, USA",38.9071923,-77.0368707,"Washington DC"
"29","Harlem, New York, NY, USA",40.8115504,-73.9464769,"Harlem, NYC"
"30","Washington, DC, USA",38.9071923,-77.0368707,"Washington, DC"
"31","Washington, DC, USA",38.9071923,-77.0368707,"Washington, DC,"
"32","Washington, DC, USA",38.9071923,-77.0368707,"Washington, DC"
"33","Baltimore, MD, USA",39.2903848,-76.6121893,"Baltimore"
"34","3191 Casitas Ave #112, Los Angeles, CA 90039, USA",34.1146725,-118.2498524,"World Citizen!"
"35","Milwaukee, WI, USA",43.0389025,-87.9064736,"Milwaukee, Wisconsin"
"36","Berlin, Germany",52.5200066,13.404954,"Berlin üõ´ Geneva "
"37","Anchorage, AK, USA",61.2180556,-149.9002778,"Anchorage Alaska"
"38","Madison, WI, USA",43.0730517,-89.4012302,"Madison, WI"
"39","New Zealand",-40.900557,174.885971,"Aotearoa New Zealand"
"40","Portland, OR, USA",45.5122308,-122.6587185,"Portland, Oregon"
"41","New Zealand",-40.900557,174.885971,"Aotearoa"
"42","Minneapolis, MN, USA",44.977753,-93.2650108,"Minneapolis"
"43","New York, NY, USA",40.7127753,-74.0059728,"New York"
"44","Myanmar (Burma)",21.916221,95.955974,"Myanmar"
"45","4400 Massachusetts Ave NW, Washington, DC 20016, USA",38.9374948,-77.0888029,"Washington, DC | American U"
"46","Hong Kong",22.396428,114.109497,"Hong Kong"
"47","Germany",51.165691,10.451526,"Germany"
"48","New York, NY, USA",40.7127753,-74.0059728,"New York City"
"49","United States",37.09024,-95.712891,"U.S.A"
"50","New York, NY, USA",40.7127753,-74.0059728,"New York City"
"51","Waterford, CT, USA",41.3542395,-72.164816,"Waterford, CT"
"52","Yangon, Myanmar (Burma)",16.8660694,96.195132,"Yangon, Myanmar"
"53","Brooklyn, NY, USA",40.6781784,-73.9441579,"Brooklyn, NY"
"54","Australia",-25.274398,133.775136,"Australia"
"55","New York, NY, USA",40.7127753,-74.0059728,"New York, NY"
"56","New York, NY, USA",40.7127753,-74.0059728,"New York, NY"
"57","Toluca, State of Mexico, Mexico",19.2826098,-99.6556653,"Toluca, M√©xico"
"58","Barcelona‚ÄìEl Prat Airport (BCN), 08820 El Prat de Llobregat, Barcelona, Spain",41.297445,2.0832941,"BCN / ‚úàÔ∏è"
"59","Richmond, VA, USA",37.5407246,-77.4360481,"Richmond, VA"
"60","Paraguay",-23.442503,-58.443832,"Paraguay"
"61","Brooklyn, NY, USA",40.6781784,-73.9441579,"Brooklyn, NY"
"62","Washington, DC, USA",38.9071923,-77.0368707,"District of Columbia, USA"
"63","Orlando, FL, USA",28.5383355,-81.3792365,"Orlando, FL"
"64","Long Beach, CA, USA",33.7700504,-118.1937395,"Long Beach, CA"
"65","London, UK",51.5073509,-0.1277583,"south london"
"66","Los Angeles, CA, USA",34.0522342,-118.2436849,"Los Angeles, CA"
"67","New York, NY, USA",40.7127753,-74.0059728,"New York City"
"68","7634 W Reno Ave #600, Oklahoma City, OK 73127, USA",35.4619675,-97.6502742,"Guess"
"69","Carlsbad, CA, USA",33.1580933,-117.3505939,"Carlsbad, California"
"70","Mesa, AZ, USA",33.4151843,-111.8314724,"Mesa, AZ"
"71","Nairobi, Kenya",-1.2920659,36.8219462,"Nairobi, Kenya"
"72","Nairobi, Kenya",-1.2920659,36.8219462,"Nairobi, Kenya"
"73","Barcelona, Spain",41.3850639,2.1734035,"Barcelona, Espa√±a"
"74","Kibera, Nairobi, Kenya",-1.3114845,36.7879475,"Kibera, Nairobi, Kenya"
"75","San Francisco, CA, USA",37.7749295,-122.4194155,"San Francisco, CA"
"76","Nairobi, Kenya",-1.2920659,36.8219462,"Nairobi "
"77","Nairobi, Kenya",-1.2920659,36.8219462,"Nairobi, Kenya"
"78","Bengaluru, Karnataka, India",12.9715987,77.5945627,"Bengaluru, India"
"79","New York, NY, USA",40.7127753,-74.0059728,"New York, NY"
"80","London, UK",51.5073509,-0.1277583,"London"
"81","Nairobi, Kenya",-1.2920659,36.8219462,"Nairobi, Kenya"
"82","San Francisco, CA, USA",37.7749295,-122.4194155,"San Francisco, CA"
"83","Nairobi, Kenya",-1.2920659,36.8219462,"Nairobi-Kenya"
"84","San Francisco, CA, USA",37.7749295,-122.4194155,"San Francisco, CA"
"85","Chennai, Tamil Nadu, India",13.0826802,80.2707184,"Chennai "
"86","Brooklyn, NY, USA",40.6781784,-73.9441579,"Brooklyn, NY"
"87","New York, NY, USA",40.7127753,-74.0059728,"New York"
"88","Brooklyn, NY, USA",40.6781784,-73.9441579,"Brooklyn, NY"
"89","Europe",54.5259614,15.2551187,"Europe"
"90","Baltimore, MD, USA",39.2903848,-76.6121893,"Baltimore, MD"
"91","New York, NY, USA",40.7127753,-74.0059728,"New York City"
"92","Italy",41.87194,12.56738,"Italy"
"93","New York, NY, USA",40.7127753,-74.0059728,"New York"
"94","154 Krog St NE #100, Atlanta, GA 30307, USA",33.7589188,-84.3640829,"Everywhere"
"95","New York, NY, USA",40.7127753,-74.0059728,"New York, NY"
"96","Brooklyn, NY, USA",40.6781784,-73.9441579,"Brooklyn, NY"
"97","London, UK",51.5073509,-0.1277583,"London"
"98","Washington, DC, USA",38.9071923,-77.0368707,"Washington, DC"
"99","San Francisco, CA, USA",37.7749295,-122.4194155,"San Francisco, CA"
"100","Iraq",33.223191,43.679291,"ÿßŸÑÿπÿ±ÿßŸÇ"
"101","Philippines",12.879721,121.774017,"Republic of the Philippines"
"102","Sydney NSW, Australia",-33.8688197,151.2092955,"Sydney, Australia"
"103","Wellington, New Zealand",-41.2864603,174.776236,"Wellington, New Zealand"
"104","Indonesia",-0.789275,113.921327,"Indonesia"
"105","Israel",31.046051,34.851612,"Israel"
"106","Lebanon",33.854721,35.862285,"Lebanon"
"107","New York, NY, USA",40.7127753,-74.0059728,"New York, NY"
"108","Cairo, Cairo Governorate, Egypt",30.0444196,31.2357116,"Cairo"
"109","Beirut, Lebanon",33.8937913,35.5017767,"Beirut"
"110","New York, NY, USA",40.7127753,-74.0059728,"New York, NY"
"111","Los Angeles, CA, USA",34.0522342,-118.2436849,"Los Angeles, CA"
"112","Mumbai, Maharashtra, India",19.0759837,72.8776559,"Mumbai, India"
"113","Ottawa, ON, Canada",45.4215296,-75.6971931,"Ottawa"
"114","New York, NY, USA",40.7127753,-74.0059728,"New York, NY"
"115","New York, NY, USA",40.7127753,-74.0059728,"New York, NY"
"116","7940 Airpark Rd, Gaithersburg, MD 20879, USA",39.167272,-77.1613621,"DC metro area"
"117","London, UK",51.5073509,-0.1277583,"London, England"
"118","Amman, Jordan",31.9453666,35.9283716,"Amman"
"119","Tokyo, Japan",35.7090259,139.7319925,"Â§©ÈæçÂúã ‚úà ‰∏≠ËèØÊù±‰∫¨"
"120","Berlin, Germany",52.5200066,13.404954,"Berlin"
"121","Caracas, Capital District, Venezuela",10.4805937,-66.9036063,"Caracas, Venezuela"
"122","Brussels, Belgium",50.8503463,4.3517211,"Brussels, Belgium"
"123","Geneva, Switzerland",46.2043907,6.1431577,"Geneva, Switzerland"
"124","New York, NY, USA",40.7127753,-74.0059728,"New York City"
"125","Accra, Ghana",5.6037168,-0.1869644,"Accra,Gh."
"126","London, UK",51.5073509,-0.1277583,"London, England"
"127","New York, NY, USA",40.7127753,-74.0059728,"New York, NY"
"128","Athens, Greece",37.9838096,23.7275388,"Athens, Greece"
"129","75C Loewen Rd, Singapore 248853",1.302378,103.812164,"Melbourne, Singaproe"
"130","New York, NY, USA",40.7127753,-74.0059728,"New York City, NY"
"131","London, UK",51.5073509,-0.1277583,"London, England"
"132","Berlin, Germany",52.5200066,13.404954,"Berlin, Germany"
"133","1530 Rue du Vieux Pont S, Laterri√®re, QC G7N 2B1, Canada",48.3204363,-71.1294614,"Plan√®te Mars"
"134","2 Columbus Cir, New York, NY 10019, USA",40.767395,-73.982034,"(+MAD +NYC +PAR +OVD)"
"135","Tunis, Tunisia",36.8064948,10.1815316,"Tunis, Tunisia"
"136","Washington, DC, USA",38.9071923,-77.0368707,"Washington, DC"
"137","New York, NY, USA",40.7127753,-74.0059728,"New York, NY"
"138","1 Danbury Mews, London, Wallington, UK",51.3666268,-0.1524682,"1-1A
Danbury Mews
Wallington
SURREY
SM6 0BY"
"139","Apple Valley, CA, USA",34.5008311,-117.1858759,"Apple Valley, CA"
"140","Paris, France",48.856614,2.3522219,"Paris, France"
"141","Florida, USA",27.6648274,-81.5157535,"Florida, USA"
"142","5174, 975 Lexington Ave, New York, NY 10021, United States",40.769436,-73.962679,"San Francisco/New York City"
"143","C√≥rdoba, Cordoba, Argentina",-31.4200833,-64.1887761,"C√≥rdoba, Argentina"
"144","Harrisonburg, VA, USA",38.4495688,-78.8689155,"Harrisonburg, VA"
"145","Paris, France",48.856614,2.3522219,"Paris"
"146","Irvine, CA, USA",33.6845673,-117.8265049,"Irvine, CA"
"147","Taipei, Taiwan",25.0329694,121.5654177,"Taipei City, Taiwan"
"148","Berlin, Germany",52.5200066,13.404954,"Berlin, Deutschland"
"149","Dedham, MA, USA",42.2436085,-71.1676536,"Dedham, MA"
"150","Boston, MA, USA",42.3600825,-71.0588801,"Boston, MA"
"151","Houston, TX, USA",29.7604267,-95.3698028,"Houston, Texas"
"152","Piura, Peru",-5.1782884,-80.6548882,"Piura - Per√∫"
"153","Richmond, BC, Canada",49.1665898,-123.133569,"Richmond, B.C., Canada"
"154","Joliet, IL 60435, USA",41.5359304,-88.1193763,"Chi-city"
"155","Boston Metropolitan Area, USA",42.3600709,-71.0588305,"Greater Boston Area"
"156","Atlanta, GA, USA",33.7489954,-84.3879824,"Atlanta, GA"
"157","Brookline, MA, USA",42.3317642,-71.1211635,"Brookline, Massachusetts"
"158","Burlington, VT, USA",44.4758825,-73.212072,"Burlington, VT"
"159","New York, NY, USA",40.7127753,-74.0059728,"New York, NY"
"160","Argentina",-38.416097,-63.616672,"Argentina"
"161","New York, NY, USA",40.7127753,-74.0059728,"New York City"
"162","Boston, MA, USA",42.3600825,-71.0588801,"bostonia"
"163","New York, NY, USA",40.7127753,-74.0059728,"New York, NY"
"164","New York, NY, USA",40.7127753,-74.0059728,"New York, NY"
"165","Kings County, CA, USA",36.0988489,-119.8815203,"County of Kings"
"166","London, UK",51.5073509,-0.1277583,"London, UK"
"167","Brooklyn, NY, USA",40.6781784,-73.9441579,"Brooklyn, NY"
"168","Los Angeles, CA, USA",34.0522342,-118.2436849,"Los Angeles, CA"
"169","Nolita, New York, NY, USA",40.7230413,-73.9948607,"NoLIta, Manhattan"
"170","United States",37.09024,-95.712891,"USA"
"171","New Jersey, USA",40.0583238,-74.4056612,"New Jersey, USA"
"172","New York, NY, USA",40.7127753,-74.0059728,"New York, USA"
"173","Washington, DC, USA",38.9071923,-77.0368707,"Washington DC"
"174","Connecticut, USA",41.6032207,-73.087749,"Connecticut"
"175","New York, NY, USA",40.7127753,-74.0059728,"NYC"
"176","Boston, MA, USA",42.3600825,-71.0588801,"Boston, MA"
"177","New York, NY, USA",40.7127753,-74.0059728,"New York"
"178","San Diego, CA, USA",32.715738,-117.1610838,"San Diego, CA"
"179","New York, NY, USA",40.7127753,-74.0059728,"New York City"
"180","Geneva, Switzerland",46.2043907,6.1431577,"Geneva, Switzerland"
"181","Quezon City, Metro Manila, Philippines",14.6760413,121.0437003,"Quezon City, Philippines"
"182","Austin, TX, USA",30.267153,-97.7430608,"Austin, TX"
"183","California, USA",36.778261,-119.4179324,"California"
"184","New York, NY, USA",40.7127753,-74.0059728,"New York, NY"
"185","Toronto, ON, Canada",43.653226,-79.3831843,"Toronto, Ontario, Canada"
"186","Boston, MA, USA",42.3600825,-71.0588801,"Boston, MA"
"187","Mexico City, CDMX, Mexico",19.4326077,-99.133208,"Ciudad de Mexico"
"188","Geneva, Switzerland",46.2043907,6.1431577,"Gen√®ve, Suisse"
"189","Madrid, Spain",40.4167754,-3.7037902,"Madrid | Canarias"
"190","Independence, KS 67301, USA",37.09024,-95.712891,"Nationwide"
"191","Geneva, Switzerland",46.2043907,6.1431577,"Geneva, Switzerland"
"192","London, UK",51.5073509,-0.1277583,"London, UK"
"193","Denver, CO, USA",39.7392358,-104.990251,"Denver"
"194","San Francisco, CA, USA",37.7749295,-122.4194155,"San Francisco, CA"
"195","Melbourne VIC, Australia",-37.8136276,144.9630576,"Melbourne"
"196","New York, NY, USA",40.7127753,-74.0059728,"New York, NY"
"197","New York, NY, USA",40.7127753,-74.0059728,"new york"
"198","London, UK",51.5073509,-0.1277583,"London, England"
"199","24 E Green St #11, Champaign, IL 61820, USA",40.1109332,-88.241461,"Defying Gravity"
"200","New York, NY, USA",40.7127753,-74.0059728,"New York, NY"
"201","Massachusetts, USA",42.4072107,-71.3824374,"Massachusetts"
"202","United States",37.09024,-95.712891,"USA"
"203","650 U.S. Oklahoma Highway 69a, Oklahoma, Pryor, OK 74361, United States",36.249758,-95.266826,"WorldWide"
"204","Staten Island, NY, USA",40.5795317,-74.1502007,"Staten Island, NY"
"205","San Francisco, CA, USA",37.7749295,-122.4194155,"San Francisco, CA"
"206","Ottawa, ON, Canada",45.4215296,-75.6971931,"Ottawa,ON"
"207","New York, NY, USA",40.7127753,-74.0059728,"New York City"
"208","5160 S Yale Ave, Tulsa, OK 74135, USA",36.0880358,-95.9236998,"Barcelona"
"209","Spain",40.463667,-3.74922,"Spain"
"210","Los Angeles, CA, USA",34.0522342,-118.2436849,"Los Angeles, CA"
"211","Shenzhen, Guangdong, China",22.543096,114.057865,"Shenzhen, guangdong, china"
"212","Vancouver, BC, Canada",49.2827291,-123.1207375,"Vancouver"
"213","Ontario, Canada",51.253775,-85.323214,"Ontario, Canada"
"214","Paris, France",48.856614,2.3522219,"Paris, France"
"215","650 U.S. Oklahoma Highway 69a, Oklahoma, Pryor, OK 74361, United States",36.249758,-95.266826,"Worldwide"
"216","Toronto, ON, Canada",43.653226,-79.3831843,"Toronto"
"217","United States",37.09024,-95.712891,"USA"
"218","New York, NY, USA",40.7127753,-74.0059728,"New York"
"219","Karachi, Karachi City, Sindh, Pakistan",24.8607343,67.0011364,"Karachi, Pakistan"
"220","Independence, KS 67301, USA",37.09024,-95.712891,"DC "
"221","New York, NY, USA",40.7127753,-74.0059728,"New York, NY"
"222","Tulsa, OK, USA",36.1539816,-95.992775,"Tulsa, Oklahoma"
"223","Washington, DC, USA",38.9071923,-77.0368707,"Washington, DC"
"224","Berlin, Germany",52.5200066,13.404954,"Berlin"
"225","Louisville, KS 66547, USA",39.250274,-96.3147204,"Louisville city, KS, USA"
"226","San Francisco, CA, USA",37.7749295,-122.4194155,"San Francisco, CA"
"227","California, USA",36.778261,-119.4179324,"California, USA"
"228","Sacramento, CA, USA",38.5815719,-121.4943996,"Sacrameno, CA"
"229","Tehran, Tehran Province, Iran",35.6891975,51.3889736,"Tehran"
"230","Brooklyn, NY, USA",40.6781784,-73.9441579,"Brooklyn, NY"
"231","Geneva, Switzerland",46.2043907,6.1431577,"Geneva"
"232","Los Angeles, CA, USA",34.0522342,-118.2436849,"Los Angeles, CA"
"233","Colombia",4.570868,-74.297333,"Colombia"
"234","Washington, DC, USA",38.9071923,-77.0368707,"Washington, D.C."
"235","Brooklyn, NY, USA",40.6781784,-73.9441579,"Brooklyn, NY"
"236","New York, NY, USA",40.7127753,-74.0059728,"New York, NY"
"237","Boston, MA, USA",42.3600825,-71.0588801,"Boston, MA"
"238","Asbury Park, NJ 07712, USA",40.2203907,-74.0120817,"Asbury Park, NJ"
"239","United Kingdom",55.378051,-3.435973,"United Kingdom"
"240","New York, NY, USA",40.7127753,-74.0059728,"New York, United States"
"241","New York, NY, USA",40.7127753,-74.0059728,"New York, New York"
"242","Manhattan, New York, NY, USA",40.7830603,-73.9712488,"Manhattan, NY"
"243","Deanwood, Washington, DC 20019, USA",38.9022998,-76.9326167,"Deanwood, NE DC"
"244","Washington, DC, USA",38.9071923,-77.0368707,"washington, DC"
"245","Albany, NY, USA",42.6525793,-73.7562317,"Albany, NY"
"246","San Francisco, CA, USA",37.7749295,-122.4194155,"San Francisco"
"247","New York, NY, USA",40.7127753,-74.0059728,"New York, NY"
"248","Melbourne VIC, Australia",-37.8136276,144.9630576,"Melbourne, Victoria"
"249","New York, NY, USA",40.7127753,-74.0059728,"New York, United States"
"250","Jersey City, NJ, USA",40.7177545,-74.0431435,"Jersey City, NJ"
"251","New York, NY, USA",40.7127753,-74.0059728,"New York City"
"252","New York, NY, USA",40.7127753,-74.0059728,"New York"
"253","Kolkata, West Bengal, India",22.572646,88.363895,"Kolkata, West Bengal"
"254","London, UK",51.5073509,-0.1277583,"London"
"255","151 W 54th St, New York, NY 10019, USA",40.7634378,-73.9805417,"New York City, London"
"256","New York, NY, USA",40.7127753,-74.0059728,"New York, NY"
"257","New York, NY, USA",40.7127753,-74.0059728,"NYC"
"258","Queens, NY, USA",40.7282239,-73.7948516,"Queens, NY"
"259","745 Atlantic Ave, Boston, MA 02111, USA",42.3503027,-71.057066,"jonah@soundguard.io"
"260","Geneva, Switzerland",46.2043907,6.1431577,"Geneva"
"261","San Francisco, CA, USA",37.7749295,-122.4194155,"San Francisco, CA"
"262","D√ºsseldorf, Germany",51.2277411,6.7734556,"D√ºsseldorf"
"263","Orange County, CA, USA",33.7174708,-117.8311428,"The OC, CA"
"264","New York, NY, USA",40.7127753,-74.0059728,"NY | CA"
"265","London, UK",51.5073509,-0.1277583,"London"
"266","New York, NY, USA",40.7127753,-74.0059728,"New York City"
"267","New York, NY, USA",40.7127753,-74.0059728,"New York"
"268","New York, NY, USA",40.7127753,-74.0059728,"New York, NY"
"269","Gallatin, TN 37066, USA",36.3883809,-86.4466599,"Gallatin, Tennessee"
"270","New York, NY, USA",40.7127753,-74.0059728,"New York, NY"
"271","San Diego, CA, USA",32.715738,-117.1610838,"San Diego"
"272","United States",37.09024,-95.712891,"United States"
"273","Brooklyn, NY, USA",40.6781784,-73.9441579,"Brooklyn, NY"
"274","New York, NY, USA",40.7127753,-74.0059728,"New York"
"275","Las Vegas, NV, USA",36.1699412,-115.1398296,"Las Vegas, NV"
"276","London, UK",51.5073509,-0.1277583,"London"
"277","2648 W Grand Blvd, Detroit, MI 48208, USA",42.3640825,-83.0883521,"Motown"
"278","Melbourne VIC, Australia",-37.8136276,144.9630576,"Melbourne, Victoria"
"279","Brooklyn, NY, USA",40.6781784,-73.9441579,"Brooklyn NY"
"280","Oakland, CA, USA",37.8043637,-122.2711137,"Oakland"
"281","Brussels, Belgium",50.8503463,4.3517211,"Brussels, Belgium"
"282","Las Vegas, NV, USA",36.1699412,-115.1398296,"Las Vegas NV"
"283","San Francisco, CA, USA",37.7749295,-122.4194155,"San Francisco, CA"
"284","Miami, FL, USA",25.7616798,-80.1917902,"Miami"
"285","New York, NY, USA",40.7127753,-74.0059728,"NY/NYC/NJ"
"286","311 W 10th St, Coffeyville, KS 67337, USA",37.0337324,-95.6201243,"In the Library"
"287","Los Angeles, CA, USA",34.0522342,-118.2436849,"Los Angeles, CA"
"288","New York, NY, USA",40.7127753,-74.0059728,"New York, NY"
"289","New York, NY, USA",40.7127753,-74.0059728,"New York, New York"
"290","New York, NY, USA",40.7127753,-74.0059728,"NYC"
"291","New York, NY, USA",40.7127753,-74.0059728,"New York"
"292","Berlin, Germany",52.5200066,13.404954,"Berlin, Germany"
"293","Philadelphia, NY 13673, USA",44.1545045,-75.7088238,"Philadelphia, New York"
"294","New South Wales, Australia",-31.2532183,146.921099,"New South Wales, Australia"
"295","Burlington, VT, USA",44.4758825,-73.212072,"Burlington, VT"
"296","New York, NY, USA",40.7127753,-74.0059728,"NYC"
"297","Los Angeles, CA, USA",34.0522342,-118.2436849,"Los Angeles, CA"
"298","New York, NY, USA",40.7127753,-74.0059728,"New York, NY"
"299","Brooklyn, NY, USA",40.6781784,-73.9441579,"Brooklyn, NY"
"300","Los Angeles, CA, USA",34.0522342,-118.2436849,"Los Angeles, CA"
"301","San Francisco, CA, USA",37.7749295,-122.4194155,"San Francisco, CA"
"302","New York, NY, USA",40.7127753,-74.0059728,"New York"
"303","New York, NY, USA",40.7127753,-74.0059728,"New York, NY"
"304","Austin, TX, USA",30.267153,-97.7430608,"Austin TX"
"305","Oakland, CA, USA",37.8043637,-122.2711137,"Oakland, CA"
"306","United States",37.09024,-95.712891,"United States"
"307","Nashville, TN, USA",36.1626638,-86.7816016,"Nashville, TN"
"308","United States",37.09024,-95.712891,"United States"
"309","50 Skin Alley, Norcross, GA 30071, USA",33.9415645,-84.2130915,"the space in be tween"
"310","New York, NY, USA",40.7127753,-74.0059728,"NYC  (Views are my own) "
"311","New York, NY, USA",40.7127753,-74.0059728,"New York, New York"
"312","Los Angeles, CA, USA",34.0522342,-118.2436849,"Los Angeles"
"313","Monterey, CA, USA",36.6002378,-121.8946761,"Monterey, California"
"314","New York, NY, USA",40.7127753,-74.0059728,"New York City"
"315","Brooklyn, NY, USA",40.6781784,-73.9441579,"Brooklyn"
"316","Philadelphia, PA, USA",39.9525839,-75.1652215,"Philadelphia"
"317","San Francisco, CA, USA",37.7749295,-122.4194155,"San Francisco, CA"
"318","London, UK",51.5073509,-0.1277583,"London"
"319","Freedom Park, 1900 East Blvd, Charlotte, NC 28203, USA",35.1945332,-80.8419728,"Freedom  park   Area"
"320","New York, NY, USA",40.7127753,-74.0059728,"New York, New York"
"321","Cincinnati, OH, USA",39.1031182,-84.5120196,"Cincinnati"
"322","New York, NY, USA",40.7127753,-74.0059728,"New York"
"323","Brooklyn, NY, USA",40.6781784,-73.9441579,"Brooklyn, NY"
"324","New York, NY, USA",40.7127753,-74.0059728,"New York"
"325","516 Bourbon St, New Orleans, LA 70130, USA",29.957208,-90.0666103,"the swamp"
"326","New York, NY, USA",40.7127753,-74.0059728,"New York City"
"327","Kochi, Kerala, India",9.9312328,76.2673041,"Cochin"
"328","Alexandria, VA, USA",38.8048355,-77.0469214,"Alexandria, VA"
"329","London, UK",51.5073509,-0.1277583,"London"
"330","Chicago, IL, USA",41.8781136,-87.6297982,"Chicago, IL"
"331","New York, NY, USA",40.7127753,-74.0059728,"New York City"
"332","New York, NY, USA",40.7127753,-74.0059728,"New York"
"333","New York, NY, USA",40.7127753,-74.0059728,"New York, NY"
"334","New York, NY, USA",40.7127753,-74.0059728,"New York, NY"
"335","Berlin, Germany",52.5200066,13.404954,"Berlin, Germany"
"336","California, USA",36.778261,-119.4179324,"ca"
"337","New York, NY, USA",40.7127753,-74.0059728,"New York, NY"
"338","San Diego, CA, USA",32.715738,-117.1610838,"San Diego, CA"
"339","London, UK",51.5073509,-0.1277583,"London"
"340","London, UK",51.5073509,-0.1277583,"London"
"341","Denver, CO, USA",39.7392358,-104.990251,"Denver, CO"
"342","San Francisco, CA, USA",37.7749295,-122.4194155,"San Francisco, CA"
"343","New York, NY, USA",40.7127753,-74.0059728,"New York, NY"
"344","Dhaka, Bangladesh",23.810332,90.4125181,"Dhaka,Bangladesh"
"345","New York, NY, USA",40.7127753,-74.0059728,"New York, NY"
"346","New York, NY, USA",40.7127753,-74.0059728,"New York, NY"
"347","New York, NY, USA",40.7127753,-74.0059728,"New York City"
"348","New York, NY, USA",40.7127753,-74.0059728,"New York, NY"
"349","New York, NY, USA",40.7127753,-74.0059728,"New York, NY"
"350","Los Angeles, CA, USA",34.0522342,-118.2436849,"Los Angeles, CA"
"351","San Diego, CA, USA",32.715738,-117.1610838,"San Diego, CA"
"352","Los Angeles, CA, USA",34.0522342,-118.2436849,"Los Angeles"
"353","Punjab, India",31.1471305,75.3412179,"Punjab, INDIA"
"354","New York, NY, USA",40.7127753,-74.0059728,"New York, NY"
"355","San Diego, CA, USA",32.715738,-117.1610838,"San Diego, California"
"356","Odenton, MD, USA",39.0839981,-76.7002462,"Odenton, MD"
"357","New York, NY, USA",40.7127753,-74.0059728,"New York, New York"
"358","MONARCH BAY, CA 92629, USA",33.4699974,-117.702148,"Dana Point, CA 92629"
"359","New York, NY, USA",40.7127753,-74.0059728,"NYC"
"360","Walnut, CA, USA",34.0202894,-117.8653386,"Walnut, CA"
"361","Brooklyn, NY, USA",40.6781784,-73.9441579,"Brooklyn, NY"
"362","919 W Northwest Hwy, Grapevine, TX 76051, USA",32.9407362,-97.0855361,"Anywhere & Everywhere"
"363","Queens, NY, USA",40.7282239,-73.7948516,"Queens, NY"
"364","New York, NY, USA",40.7127753,-74.0059728,"New York, NY"
"365","Richmond, VA, USA",37.5407246,-77.4360481,"Richmond, VA"
"366","Brooklyn, NY, USA",40.6781784,-73.9441579,"Brooklyn, NY"
"367","New York, NY, USA",40.7127753,-74.0059728,"New York, NY"
"368","923 8th Ave, New York, NY 10019, USA",40.7653679,-73.9842213,"NYC - Barcelona"
"369","Charlotte, NC, USA",35.2270869,-80.8431267,"Charlotte, NC"
"370","New York, NY, USA",40.7127753,-74.0059728,"New York, USA"
"371","Brooklyn, NY, USA",40.6781784,-73.9441579,"brooklyn"
"372","New York, NY, USA",40.7127753,-74.0059728,"NYC"
"373","650 U.S. Oklahoma Highway 69a, Oklahoma, Pryor, OK 74361, United States",36.249758,-95.266826,"Worldwide"
"374","Hayward, CA, USA",37.6688205,-122.0807964,"Hayward, CA "
"375","New York, NY, USA",40.7127753,-74.0059728,"New York, NY"
"376","Brooklyn, NY, USA",40.6781784,-73.9441579,"Brooklyn"
"377","San Francisco, CA, USA",37.7749295,-122.4194155,"San Francisco, C.A."
"378","London, UK",51.5073509,-0.1277583,"London, UK"
"379","Los Angeles, CA, USA",34.0522342,-118.2436849,"Los Angeles, CA"
"380","Burbank, CA, USA",34.1808392,-118.3089661,"Burbank, CA"
"381","The Rink At Rockefeller Center, 601 5th Ave, New York, NY 10022, USA",40.7574382,-73.9776081,"NYC, baby! "
"382","Brooklyn, NY, USA",40.6781784,-73.9441579,"Brooklyn, NY"
"383","233 Branson Landing Blvd, Branson, MO 65616, USA",36.644055,-93.214116,"Brighton"
"384","London, UK",51.5073509,-0.1277583,"London, United Kingdom"
"385","San Francisco, CA, USA",37.7749295,-122.4194155,"San Franciscso"
"386","San Francisco, CA, USA",37.7749295,-122.4194155,"San Francisco, CA"
"387","Minneapolis, MN, USA",44.977753,-93.2650108,"Minneapolis, MN"
"388","New York, NY, USA",40.7127753,-74.0059728,"New York"
"389","Washington, DC, USA",38.9071923,-77.0368707,"Washington, D.C."
"390","Los Angeles, CA, USA",34.0522342,-118.2436849,"Los Angeles, CA"
"391","Santa Ana, CA, USA",33.7454725,-117.867653,"santa ana ca "
"392","San Francisco, CA, USA",37.7749295,-122.4194155,"San Francisco / Yelamu"
"393","Oakland, CA, USA",37.8043637,-122.2711137,"Oakland, CA"
"394","Berkeley, CA, USA",37.8715926,-122.272747,"Berkeley, CA"
"395","Los Angeles, CA, USA",34.0522342,-118.2436849,"Los Angeles, CA"
"396","San Diego, CA, USA",32.715738,-117.1610838,"San Diego, CA"
"397","San Francisco, CA, USA",37.7749295,-122.4194155,"san francisco. CA"
"398","Bakersfield, CA, USA",35.3732921,-119.0187125,"Bakersfield"
"399","Laguna Hills, CA, USA",33.5916433,-117.6986604,"Laguna Hills, CA"
"400","San Francisco, CA, USA",37.7749295,-122.4194155,"San Francisco"
"401","New York, NY, USA",40.7127753,-74.0059728,"New York"
"402","154 Krog St NE #100, Atlanta, GA 30307, USA",33.7589188,-84.3640829,"Everywhere"
"403","San Francisco, CA, USA",37.7749295,-122.4194155,"San Francisco"
"404","8983 Mira Mesa Blvd, San Diego, CA 92126, USA",32.9139184,-117.130469,"LBC"
"405","Torrance, CA, USA",33.8358492,-118.3406288,"Torrance, CA"
"406","Southern California, CA, USA",34.9592083,-116.419389,"so cal"
"407","New York, NY, USA",40.7127753,-74.0059728,"New York, NY"
"408","California, USA",36.778261,-119.4179324,"California"
"409","Los Angeles, CA, USA",34.0522342,-118.2436849,"Los Angeles, CA"
"410","California, USA",36.778261,-119.4179324,"California, USA"
"411","Los Angeles, CA, USA",34.0522342,-118.2436849,"Los Angeles, CA"
"412","Berkeley, CA, USA",37.8715926,-122.272747,"Berkeley and L.A."
"413","New York, NY, USA",40.7127753,-74.0059728,"NYC"
"414","Los Angeles, CA, USA",34.0522342,-118.2436849,"Los Angeles, CA"
"415","Los Angeles, CA, USA",34.0522342,-118.2436849,"Los Angeles, California"
"416","Orange County, CA, USA",33.7174708,-117.8311428,"Orange County, CA"
"417","1032 Legrand Blvd, Daniel Island, SC 29492, USA",32.894704,-79.929056,"in the doghouse"
"418","New York, NY, USA",40.7127753,-74.0059728,"New York City"
"419","Los Angeles, CA, USA",34.0522342,-118.2436849,"Los Angeles, CA"
"420","California, USA",36.778261,-119.4179324,"California"
"421","Los Angeles, CA, USA",34.0522342,-118.2436849,"Los Angeles, CA"
"422","Los Angeles, CA, USA",34.0522342,-118.2436849,"Los Angeles,CA "
"423","Shanghai, China",31.2303904,121.4737021,"Shanghai, China"
"424","San Diego, CA, USA",32.715738,-117.1610838,"San Diego, CA"
"425","Los Angeles, CA, USA",34.0522342,-118.2436849,"Los Angeles, CA"
"426","Chicago, IL, USA",41.8781136,-87.6297982,"Chicago, IL"
"427","San Jose, CA, USA",37.3382082,-121.8863286,"San Jose, CA"
"428","Berkeley, CA, USA",37.8715926,-122.272747,"Berkeley, CA"
"429","Huntington Beach, CA, USA",33.6594835,-117.9988026,"Huntington Beach"
"430","San Francisco, CA, USA",37.7749295,-122.4194155,"San Francisco "
"431","Orange County, CA, USA",33.7174708,-117.8311428,"orange county"
"432","1530 W Jackson St, Ozark, MO 65721, USA",37.0221394,-93.2208172,"The OC"
"433","Taipei, Taiwan",25.0329694,121.5654177,"Taipei City, Taiwan"
"434","250 Pomeroy Ave, Pismo Beach, CA 93449, USA",35.1403466,-120.6415326,"CV | SD"
"435","Irvine, CA, USA",33.6845673,-117.8265049,"Irvine"
